'Test Type,Test Description,,,,,,,,,,,,,,,,,,,,,,,,,,,,,,,,,,,,,,,,,,,,,,,,,,,,,,
0,,,,,,,,,,,,,,,,,,,,,,,,,,,,,,,,,,,,,,,,,,,,,,,,,,,,,,,
'Version,,,,,,,,,,,,,,,,,,,,,,,,,,,,,,,,,,,,,,,,,,,,,,,,,,,,,,,
2006.07.27,,,,,,,,,,,,,,,,,,,,,,,,,,,,,,,,,,,,,,,,,,,,,,,,,,,,,,,
'Time Stamp,,,,,,,,,,,,,,,,,,,,,,,,,,,,,,,,,,,,,,,,,,,,,,,,,,,,,,,
2016-01-29 19:49:11:397,,,,,,,,,,,,,,,,,,,,,,,,,,,,,,,,,,,,,,,,,,,,,,,,,,,,,,,
'Test Type,Test Description,,,,,,,,,,,,,,,,,,,,,,,,,,,,,,,,,,,,,,,,,,,,,,,,,,,,,,
0,,,,,,,,,,,,,,,,,,,,,,,,,,,,,,,,,,,,,,,,,,,,,,,,,,,,,,,
'Version,,,,,,,,,,,,,,,,,,,,,,,,,,,,,,,,,,,,,,,,,,,,,,,,,,,,,,,
2006.07.27,,,,,,,,,,,,,,,,,,,,,,,,,,,,,,,,,,,,,,,,,,,,,,,,,,,,,,,
'Time Stamp,,,,,,,,,,,,,,,,,,,,,,,,,,,,,,,,,,,,,,,,,,,,,,,,,,,,,,,
2016-01-29 19:54:25:302,,,,,,,,,,,,,,,,,,,,,,,,,,,,,,,,,,,,,,,,,,,,,,,,,,,,,,,
'Access specifications,,,,,,,,,,,,,,,,,,,,,,,,,,,,,,,,,,,,,,,,,,,,,,,,,,,,,,,
'Access specification name,default assignment,,,,,,,,,,,,,,,,,,,,,,,,,,,,,,,,,,,,,,,,,,,,,,,,,,,,,,
All in one,0,,,,,,,,,,,,,,,,,,,,,,,,,,,,,,,,,,,,,,,,,,,,,,,,,,,,,,
'size,% of size,% reads,% random,delay,burst,align,reply,,,,,,,,,,,,,,,,,,,,,,,,,,,,,,,,,,,,,,,,,,,,,,,,
512,5,100,0,0,1,0,0,,,,,,,,,,,,,,,,,,,,,,,,,,,,,,,,,,,,,,,,,,,,,,,,
512,5,75,0,0,1,0,0,,,,,,,,,,,,,,,,,,,,,,,,,,,,,,,,,,,,,,,,,,,,,,,,
512,5,50,0,0,1,0,0,,,,,,,,,,,,,,,,,,,,,,,,,,,,,,,,,,,,,,,,,,,,,,,,
512,5,25,0,0,1,0,0,,,,,,,,,,,,,,,,,,,,,,,,,,,,,,,,,,,,,,,,,,,,,,,,
512,5,0,0,0,1,0,0,,,,,,,,,,,,,,,,,,,,,,,,,,,,,,,,,,,,,,,,,,,,,,,,
4096,5,100,0,0,1,0,0,,,,,,,,,,,,,,,,,,,,,,,,,,,,,,,,,,,,,,,,,,,,,,,,
4096,5,75,0,0,1,0,0,,,,,,,,,,,,,,,,,,,,,,,,,,,,,,,,,,,,,,,,,,,,,,,,
4096,5,50,0,0,1,0,0,,,,,,,,,,,,,,,,,,,,,,,,,,,,,,,,,,,,,,,,,,,,,,,,
4096,5,25,0,0,1,0,0,,,,,,,,,,,,,,,,,,,,,,,,,,,,,,,,,,,,,,,,,,,,,,,,
4096,5,0,0,0,1,0,0,,,,,,,,,,,,,,,,,,,,,,,,,,,,,,,,,,,,,,,,,,,,,,,,
16384,5,100,0,0,1,0,0,,,,,,,,,,,,,,,,,,,,,,,,,,,,,,,,,,,,,,,,,,,,,,,,
16384,5,75,0,0,1,0,0,,,,,,,,,,,,,,,,,,,,,,,,,,,,,,,,,,,,,,,,,,,,,,,,
16384,5,50,0,0,1,0,0,,,,,,,,,,,,,,,,,,,,,,,,,,,,,,,,,,,,,,,,,,,,,,,,
16384,5,25,0,0,1,0,0,,,,,,,,,,,,,,,,,,,,,,,,,,,,,,,,,,,,,,,,,,,,,,,,
16384,5,0,0,0,1,0,0,,,,,,,,,,,,,,,,,,,,,,,,,,,,,,,,,,,,,,,,,,,,,,,,
32768,5,100,0,0,1,0,0,,,,,,,,,,,,,,,,,,,,,,,,,,,,,,,,,,,,,,,,,,,,,,,,
32768,5,75,0,0,1,0,0,,,,,,,,,,,,,,,,,,,,,,,,,,,,,,,,,,,,,,,,,,,,,,,,
32768,5,50,0,0,1,0,0,,,,,,,,,,,,,,,,,,,,,,,,,,,,,,,,,,,,,,,,,,,,,,,,
32768,5,25,0,0,1,0,0,,,,,,,,,,,,,,,,,,,,,,,,,,,,,,,,,,,,,,,,,,,,,,,,
32768,5,0,0,0,1,0,0,,,,,,,,,,,,,,,,,,,,,,,,,,,,,,,,,,,,,,,,,,,,,,,,
'End access specifications,,,,,,,,,,,,,,,,,,,,,,,,,,,,,,,,,,,,,,,,,,,,,,,,,,,,,,,
'Results,,,,,,,,,,,,,,,,,,,,,,,,,,,,,,,,,,,,,,,,,,,,,,,,,,,,,,,
'Target Type,Target Name,Access Specification Name,# Managers,# Workers,# Disks,IOps,Read IOps,Write IOps,MBps,Read MBps,Write MBps,Transactions per Second,Connections per Second,Average Response Time,Average Read Response Time,Average Write Response Time,Average Transaction Time,Average Connection Time,Maximum Response Time,Maximum Read Response Time,Maximum Write Response Time,Maximum Transaction Time,Maximum Connection Time,Errors,Read Errors,Write Errors,Bytes Read,Bytes Written,Read I/Os,Write I/Os,Connections,Transactions per Connection,Total Raw Read Response Time,Total Raw Write Response Time,Total Raw Transaction Time,Total Raw Connection Time,Maximum Raw Read Response Time,Maximum Raw Write Response Time,Maximum Raw Transaction Time,Maximum Raw Connection Time,Total Raw Run Time,Starting Sector,Maximum Size,Queue Depth,% CPU Utilization,% User Time,% Privileged Time,% DPC Time,% Interrupt Time,Processor Speed,Interrupts per Second,CPU Effectiveness,Packets/Second,Packet Errors,Segments Retransmitted/Second
ALL,All,,1,10,10,173.804235,86.838598,86.965638,2.231663,1.115713,1.11595,173.804235,0,57.533488,63.055038,52.020003,57.533488,0,732.990836,732.990836,710.927051,732.990836,0,0,0,0,4659748352,4660738048,345878,346384,0,-1,,,,,,,,,,0,0,1,0,0,0,0,0,,0,5.69278E+15,0,0,0
MANAGER,Z3-371,All in one,,10,10,173.804235,86.838598,86.965638,2.231663,1.115713,1.11595,173.804235,0,57.533488,63.055038,52.020003,57.533488,0,732.990836,732.990836,710.927051,732.990836,0,0,0,0,4659748352,4660738048,345878,346384,0,-1,3.4895E+13,2.88302E+13,6.37252E+13,0,1172785338,1137483282,1172785338,0,6.3728E+12,0,0,1,0,0,0,0,0,1600000000,0,5.69278E+15,0,0,0
PROCESSOR,CPU 0,,,,,,,,,,,,,,,,,,,,,,,,,,,,,,,,,,,,,,,,,,,,0,0,0,0,0,1600000000,0,,,,
PROCESSOR,CPU 1,,,,,,,,,,,,,,,,,,,,,,,,,,,,,,,,,,,,,,,,,,,,0,0,0,0,0,1600000000,0,,,,
PROCESSOR,CPU 2,,,,,,,,,,,,,,,,,,,,,,,,,,,,,,,,,,,,,,,,,,,,0,0,0,0,0,1600000000,0,,,,
PROCESSOR,CPU 3,,,,,,,,,,,,,,,,,,,,,,,,,,,,,,,,,,,,,,,,,,,,0,0,0,0,0,1600000000,0,,,,
WORKER,Worker 1,All in one,,,1,17.403226,8.660312,8.742913,0.224471,0.111975,0.112496,17.403226,0,57.458086,63.139892,51.82996,57.458086,0,710.927051,585.896331,710.927051,710.927051,0,0,0,0,467660288,469836288,34494,34823,0,-1,3.48472E+12,2.8878E+12,6.37252E+12,0,937434129,1137483282,1137483282,0,6.3728E+12,0,0,1,,,,,,1600000000,,,,,
DISK,/home [ext4],,,,,17.403226,8.660312,8.742913,0.224471,0.111975,0.112496,17.403226,0,57.458086,63.139892,51.82996,57.458086,0,710.927051,585.896331,710.927051,710.927051,0,0,0,0,467660288,469836288,34494,34823,0,-1,3.48472E+12,2.8878E+12,6.37252E+12,0,937434129,1137483282,1137483282,0,6.3728E+12,0,0,1,,,,,,1600000000,,,,,
WORKER,Worker 1,All in one,,,1,17.344212,8.600803,8.743409,0.222552,0.110495,0.112057,17.344212,0,57.653725,63.293555,52.105881,57.653725,0,632.545144,632.545144,629.561582,632.545144,0,0,0,0,461480960,468003328,34257,34825,0,-1,3.4692E+12,2.90334E+12,6.37254E+12,0,1012072230,1007298531,1012072230,0,6.3728E+12,0,0,1,,,,,,1600000000,,,,,
DISK,/home [ext4],,,,,17.344212,8.600803,8.743409,0.222552,0.110495,0.112057,17.344212,0,57.653725,63.293555,52.105881,57.653725,0,632.545144,632.545144,629.561582,632.545144,0,0,0,0,461480960,468003328,34257,34825,0,-1,3.4692E+12,2.90334E+12,6.37254E+12,0,1012072230,1007298531,1012072230,0,6.3728E+12,0,0,1,,,,,,1600000000,,,,,
WORKER,Worker 1,All in one,,,1,17.382135,8.650771,8.731364,0.221618,0.110886,0.110732,17.382135,0,57.527637,63.065212,52.041176,57.527637,0,631.096589,631.096589,610.185834,631.096589,0,0,0,0,463111680,462469632,34456,34777,0,-1,3.47676E+12,2.89574E+12,6.3725E+12,0,1009754543,976297335,1009754543,0,6.3728E+12,0,0,1,,,,,,1600000000,,,,,
DISK,/home [ext4],,,,,17.382135,8.650771,8.731364,0.221618,0.110886,0.110732,17.382135,0,57.527637,63.065212,52.041176,57.527637,0,631.096589,631.096589,610.185834,631.096589,0,0,0,0,463111680,462469632,34456,34777,0,-1,3.47676E+12,2.89574E+12,6.3725E+12,0,1009754543,976297335,1009754543,0,6.3728E+12,0,0,1,,,,,,1600000000,,,,,
WORKER,Worker 1,All in one,,,1,17.387422,8.651532,8.73589,0.22272,0.111174,0.111546,17.387422,0,57.510755,63.232734,51.844032,57.510755,0,658.519105,626.980023,658.519105,658.519105,0,0,0,0,464314880,465868288,34459,34795,0,-1,3.4863E+12,2.88626E+12,6.37256E+12,0,1003168037,1053630568,1053630568,0,6.37279E+12,0,0,1,,,,,,1600000000,,,,,
DISK,/home [ext4],,,,,17.387422,8.651532,8.73589,0.22272,0.111174,0.111546,17.387422,0,57.510755,63.232734,51.844032,57.510755,0,658.519105,626.980023,658.519105,658.519105,0,0,0,0,464314880,465868288,34459,34795,0,-1,3.4863E+12,2.88626E+12,6.37256E+12,0,1003168037,1053630568,1053630568,0,6.37279E+12,0,0,1,,,,,,1600000000,,,,,
WORKER,Worker 1,All in one,,,1,17.370573,8.800401,8.570172,0.223397,0.112698,0.110699,17.370573,0,57.565924,63.270707,51.707889,57.565924,0,672.234687,672.234687,620.019,672.234687,0,0,0,0,470680576,462330368,35052,34135,0,-1,3.54842E+12,2.82408E+12,6.3725E+12,0,1075575499,992030400,1075575499,0,6.3728E+12,0,0,1,,,,,,1600000000,,,,,
DISK,/home [ext4],,,,,17.370573,8.800401,8.570172,0.223397,0.112698,0.110699,17.370573,0,57.565924,63.270707,51.707889,57.565924,0,672.234687,672.234687,620.019,672.234687,0,0,0,0,470680576,462330368,35052,34135,0,-1,3.54842E+12,2.82408E+12,6.3725E+12,0,1075575499,992030400,1075575499,0,6.3728E+12,0,0,1,,,,,,1600000000,,,,,
WORKER,Worker 1,All in one,,,1,17.374844,8.634698,8.740146,0.223404,0.111579,0.111825,17.374844,0,57.552064,62.781138,52.386078,57.552064,0,649.009053,649.009053,621.953346,649.009053,0,0,0,0,466007040,467034624,34392,34812,0,-1,3.45467E+12,2.91786E+12,6.37253E+12,0,1038414485,995125353,1038414485,0,6.3728E+12,0,0,1,,,,,,1600000000,,,,,
DISK,/home [ext4],,,,,17.374844,8.634698,8.740146,0.223404,0.111579,0.111825,17.374844,0,57.552064,62.781138,52.386078,57.552064,0,649.009053,649.009053,621.953346,649.009053,0,0,0,0,466007040,467034624,34392,34812,0,-1,3.45467E+12,2.91786E+12,6.37253E+12,0,1038414485,995125353,1038414485,0,6.3728E+12,0,0,1,,,,,,1600000000,,,,,
WORKER,Worker 1,All in one,,,1,17.375599,8.75973,8.615869,0.224137,0.112579,0.111558,17.375599,0,57.549571,62.711095,52.301862,57.549571,0,645.207911,608.502735,645.207911,645.207911,0,0,0,0,470184960,465919488,34890,34317,0,-1,3.50078E+12,2.87175E+12,6.37253E+12,0,973604376,1032332657,1032332657,0,6.3728E+12,0,0,1,,,,,,1600000000,,,,,
DISK,/home [ext4],,,,,17.375599,8.75973,8.615869,0.224137,0.112579,0.111558,17.375599,0,57.549571,62.711095,52.301862,57.549571,0,645.207911,608.502735,645.207911,645.207911,0,0,0,0,470184960,465919488,34890,34317,0,-1,3.50078E+12,2.87175E+12,6.37253E+12,0,973604376,1032332657,1032332657,0,6.3728E+12,0,0,1,,,,,,1600000000,,,,,
WORKER,Worker 1,All in one,,,1,17.388907,8.620389,8.768518,0.223867,0.110359,0.113508,17.388907,0,57.504898,62.80254,52.296752,57.504898,0,610.829533,610.829533,563.389563,610.829533,0,0,0,0,460912640,474061824,34335,34925,0,-1,3.45012E+12,2.92234E+12,6.37246E+12,0,977327252,901423300,977327252,0,6.3728E+12,0,0,1,,,,,,1600000000,,,,,
DISK,/home [ext4],,,,,17.388907,8.620389,8.768518,0.223867,0.110359,0.113508,17.388907,0,57.504898,62.80254,52.296752,57.504898,0,610.829533,610.829533,563.389563,610.829533,0,0,0,0,460912640,474061824,34335,34925,0,-1,3.45012E+12,2.92234E+12,6.37246E+12,0,977327252,901423300,977327252,0,6.3728E+12,0,0,1,,,,,,1600000000,,,,,
WORKER,Worker 1,All in one,,,1,17.428578,8.657799,8.770779,0.223121,0.111269,0.111852,17.428578,0,57.374047,62.952514,51.867438,57.374047,0,694.669337,694.669337,609.403498,694.669337,0,0,0,0,464712704,467148288,34484,34934,0,-1,3.47337E+12,2.8991E+12,6.37247E+12,0,1111470940,975045597,1111470940,0,6.3728E+12,0,0,1,,,,,,1600000000,,,,,
DISK,/home [ext4],,,,,17.428578,8.657799,8.770779,0.223121,0.111269,0.111852,17.428578,0,57.374047,62.952514,51.867438,57.374047,0,694.669337,694.669337,609.403498,694.669337,0,0,0,0,464712704,467148288,34484,34934,0,-1,3.47337E+12,2.8991E+12,6.37247E+12,0,1111470940,975045597,1111470940,0,6.3728E+12,0,0,1,,,,,,1600000000,,,,,
WORKER,Worker 1,All in one,,,1,17.348741,8.802163,8.546577,0.222376,0.112699,0.109678,17.348741,0,57.639205,63.297314,51.811889,57.639205,0,732.990836,732.990836,609.864386,732.990836,0,0,0,0,470682624,458065920,35059,34041,0,-1,3.55062E+12,2.82197E+12,6.37259E+12,0,1172785338,975783017,1172785338,0,6.3728E+12,0,0,1,,,,,,1600000000,,,,,
DISK,/home [ext4],,,,,17.348741,8.802163,8.546577,0.222376,0.112699,0.109678,17.348741,0,57.639205,63.297314,51.811889,57.639205,0,732.990836,732.990836,609.864386,732.990836,0,0,0,0,470682624,458065920,35059,34041,0,-1,3.55062E+12,2.82197E+12,6.37259E+12,0,1172785338,975783017,1172785338,0,6.3728E+12,0,0,1,,,,,,1600000000,,,,,
'Time Stamp,,,,,,,,,,,,,,,,,,,,,,,,,,,,,,,,,,,,,,,,,,,,,,,,,,,,,,,
2016-01-29 20:27:41:966,,,,,,,,,,,,,,,,,,,,,,,,,,,,,,,,,,,,,,,,,,,,,,,,,,,,,,,
'End Test,,,,,,,,,,,,,,,,,,,,,,,,,,,,,,,,,,,,,,,,,,,,,,,,,,,,,,,